title,setup,punchline,category,rating,score,words
LOVE ON CREDIT,"A man takes a job far from home. After a month, he writes his wife: ""I have to stay longer. I can't send money, so I'm sending one hundred big kisses."" Five months later he returns. ""How did you survive with no money?"" ""Thanks to your kisses. Ten went to the baker, ten to the butcher, and fifty to the landlord."" ""That's only seventy. What happened to the other thirty?""","She smiles. ""The landlord said fifty wasn't enough, so we made another arrangement. Now he owes me kisses.""",work,tout_public,,88
COLD EVIDENCE,"Two women meet in heaven. ""How did you die?"" ""I was sure my husband was cheating. I searched the bathroom, bedroom, living room, and basement. I ran so hard I had a heart attack.""","The other woman sighs. ""If you'd opened the freezer first, we'd both still be alive.""",work,adulte,,49
TRUTH HURTS,"A father brings home a lie-detecting robot. His teenage son arrives two hours late. ""Where were you?"" ""At the library."" The robot slaps him. ""Fine---I watched a movie at a friend's house. The Ten Commandments."" The robot slaps him again. ""Okay! It was an adult movie."" The father says, ""At your age, I never lied to my parents."" The robot slaps the father. The mother laughs. ""He really is your son.""",The robot slaps the mother.,kids,adulte,,76
TRAFFIC IN HEAVEN,"Three husbands arrive in heaven. St. Peter gives each a car based on his faithfulness: a compact to the first, a sedan to the second, and a Lamborghini to the man who never cheated. Hours later, the compact-car driver finds the Lamborghini owner crying beside the road. ""What's wrong?""","""I just saw my wife go by on a bicycle.""",marriage,adulte,,59
THE ATTIC BOX,"Near the end of her life, Grandma tells Grandpa about a box in the attic. Inside are three eggs and \$150,000. ""Every time I didn't have an orgasm with you during our fifty years together, I put an egg in the box,"" she explains. Grandpa beams. ""Only three eggs in fifty years! But where did all the money come from?""","""Whenever I had a dozen, I sold them at the market.""",work,tout_public,,71
PROFESSIONAL COURTESY,What's the difference between a prostitute and a lawyer?,The prostitute stops fucking you after you're dead.,misc,tout_public,,17
RUNNING LATE,"A woman is preparing dinner for her parents and sends her husband out to buy fresh snails. He buys the snails, then stops at the pub for one quick drink. One drink leads to another. By the time he leaves, it is nine in the evening. Realizing how late he is, the husband races home, scatters the snails along the path to the house, and rings the bell. His furious wife opens the door. ""Where the hell have you been?"" she screams.","The husband gestures toward the snails. ""Come on, lads!"" he shouts. ""We\'re almost there!""",marriage,tout_public,,96
A HUNTING STORY,"A man tells his doctor, ""My girlfriend is pregnant, but we always use protection, and the condom never broke. How is that possible?"" The doctor says, ""Let me tell you a story. A hunter always carried a gun wherever he went. One day, he accidentally took an umbrella instead. A lion suddenly leaped in front of him. The hunter pointed the umbrella like a gun, pulled the imaginary trigger, and the lion dropped dead."" The man scoffs. ""Nonsense! Someone else must have shot the lion.""","The doctor nods. ""Good. You understand. Next patient, please.""",medical,adulte,,94
A FINANCIAL RETURN,"My girlfriend borrowed \$100 from me. Three years later, when we separated, she returned exactly \$100.",I lost interest in that relationship.,work,tout_public,,22
A BIRTHDAY SURPRISE,"A wife takes her husband, Dave, to a strip club for his birthday. At the door, the bouncer says, ""Hey, Dave! How\'re you doing?"" His wife looks suspicious. Dave explains, ""He\'s on my bowling team."" Inside, a waitress brings Dave his usual Budweiser. ""She\'s in the ladies\' bowling league,"" he says. ""We share lanes."" Then a stripper throws her arms around him. ""Hi, Davey! Want your usual table dance, big boy?"" His wife storms outside and jumps into a cab. Dave follows, desperately insisting that the stripper confused him with someone else. His wife screams every insult she knows.","The cabdriver looks in the mirror and says, ""Looks like you picked up a real bitch tonight, Dave.""",marriage,adulte,,117
NEW HOUSE RULES,"A woman buys a parrot that was raised in a brothel. The seller warns her, ""He says some truly filthy things."" She takes him home anyway. When her two daughters walk into the living room, the parrot squawks, ""New brothel, new hookers!"" The woman is horrified. A few minutes later, her husband comes home from work.","The parrot looks at him and says, ""Hey, Dave!""",marriage,adulte,,65
THE LONG WAY HOME,"A man cannot stand his wife\'s cat, so he drives it twenty miles away and abandons it. When he gets home, the cat is waiting on the porch. He tries again at forty miles. The cat comes back. Furious, he drives ten miles north, twenty south, fifteen west, forty east, and leaves the cat in the middle of nowhere. An hour later, he calls his wife. ""Honey, is the cat home?"" ""Yes. He just walked in.""","""Put that asshole on the phone. I\'m lost.""",marriage,tout_public,,84
HOME IMPROVEMENT,"A husband notices a leaking faucet and wakes his wife. ""Can you fix it?"" ""Do I look like a plumber? Call one."" Then he points to the overgrown lawn. ""What about the grass?"" ""Do I look like a landscaper? Call one."" That evening, he comes home to a repaired faucet and a perfectly cut lawn. ""Who did all this?"" ""Mike next door. He said he\'d fix everything if I gave him a blowjob or baked him a homemade cake."" ""So you baked him a cake?""","""Do I look like a pastry chef?""",marriage,tout_public,,92
A CHILD\'S EXPLANATION,"A little girl asks her mother, ""Last night I saw you bouncing on Daddy\'s stomach. What were you doing?"" Her mother improvises. ""Your father has gained weight. I was pressing on his belly to let the air out."" The girl shakes her head. ""That won\'t work, Mom."" ""Why not?""","""Because every time you leave for work, the nanny blows him back up with her mouth.""",misc,tout_public,,65
A QUIET ARRIVAL,"At the maternity ward, a woman gazes at her newborn with tears in her eyes.","""To think that nine months ago, I almost swallowed you\...""",misc,tout_public,,25
PERFORMANCE REVIEW,"A woman tells her husband, ""You really do have sex like a rabbit.""","He sits up, offended. ""How can you judge me after only thirty seconds?""",marriage,tout_public,,26
THE WRONG APARTMENT,"A man who is completely drunk meets a stranger on the sidewalk. ""Come upstairs for a drink. My apartment is unbelievable."" They enter the bedroom and find a woman in bed with another man. The drunk points to the woman. ""That\'s my wife.""","Then he points to the man beside her. ""And that\'s me.""",bar,adulte,,54
THE BIRTHDAY TRIBUTE,"For her husband\'s birthday, a woman wants a classic cartoon pinup tattooed across her butt because he loves vintage animation. The tattoo artist says there is not enough time for a full portrait, so they agree on one large letter B on each butt cheek. That evening, she bends over to reveal the surprise.","Her husband stares for a moment and asks, ""Who\'s Bob?""",marriage,tout_public,,64
A FAMILY LESSON,"Little Mark asks his father, ""Dad, what\'s between Mom\'s legs?"" ""That is the gate to paradise, son."" ""And what\'s between your legs?"" ""That is the key that opens the gate to paradise.""","Mark thinks for a moment. ""Then you should change the lock. The neighbor has a spare key.""",kids,tout_public,,49
THE LAST NIGHT,"A man is on his deathbed. His wife leans close and whispers, ""Honey, since this is your last night, let\'s make love one final time."" They do. An hour later, she wants to do it again. Then again in the middle of the night. At four in the morning, she wakes him for one more round. Exhausted, the dying man protests, ""Come on! I\'m the one who has to die tomorrow!""","She rolls over and says, ""Exactly. I still have to get up in the morning.""",marriage,tout_public,,86
SIXTY-SEVEN YEARS LATER,"A ninety-year-old couple asks a judge for a divorce after sixty-seven years of marriage. The judge is stunned. ""Why did you wait this long?""","""We didn\'t want to traumatize the children, so we waited until they were dead.""",marriage,tout_public,,38
THE FINAL TOTAL,"An elderly couple is completely broke. The husband finally says, ""There\'s only one thing left to try. You\'ll have to work the street tonight."" The next morning, his wife comes home with \$102.50. ""A hundred and two dollars and fifty cents? Who gave you fifty cents?""","""All of them.""",marriage,tout_public,,49
THE WEATHER REPORT,"While traveling in Africa, a married woman sleeps with an enormous man named Snow. Lying beneath him, she suddenly starts laughing. ""What\'s so funny?"" Snow asks.","""I\'m imagining my husband\'s face when I tell him I spent the whole week under twelve inches of Snow.""",marriage,tout_public,,45
A CONFIDENT APPROACH,"At a bar, a man checks his watch and tells a woman, ""My watch says you aren\'t wearing panties."" ""Your watch is wrong. I am wearing them.""","He checks the time again. ""Sorry. It must be an hour fast.""",bar,tout_public,,39
THE PARK BENCH,"A woman is giving a man oral sex on a park bench. ""Take off your glasses,"" she says. ""They\'re freezing against my skin."" He removes them. A few moments later, she stops.","""Put them back on. You\'re licking the bench.""",misc,tout_public,,40
THE EXACT RATE,"A prostitute explains her prices: ""Two hundred in front, three hundred in back."" Afterward, the customer asks what he owes.","She says, ""Give me a second. I still need to figure out where you were.""",work,tout_public,,35
THE FAMILY FORTUNE,"At a nudist camp, a little boy asks why some men\'s penises are hard and others are not. His father improvises. ""The hard ones are rich. The soft ones are poor."" Later, the father asks where Mom went.","""She met a poor man. He got rich, and now she\'s pumping all his money out of him.""",money,tout_public,,56
IN THE DARK,"A man buys flavored condoms and suggests a game: with the lights off, his wife has to guess the flavor. The room goes dark. She bends down, tastes, and says, ""Blue cheese.""","""Wait---I haven\'t put one on yet.""",marriage,adulte,,38
THE RIGHT NUMBER,"A husband asks his wife, ""Why don\'t you ever tell me when you have an orgasm?""","""Because you told me never to call you at the office.""",marriage,tout_public,,27
A REASSURING ANSWER,"A man comes home falling-down drunk. To his surprise, his wife gently helps him into bed. The next morning, he asks why she wasn\'t furious.","""Because when I tried to undress you, you pushed me away and said, \'Back off, lady. I\'m married.\'""",marriage,tout_public,,43
AN UNEXPECTED INTERRUPTION,"A woman finds her husband naked, sweaty, and gasping for air. Cornered, he claims he is having a heart attack. She runs downstairs to call 911. Their son says, ""Mom, Aunt Jennifer is naked in the closet!""","The wife storms upstairs, opens the closet, and yells, ""My husband is having a heart attack, and you\'re playing hide-and-seek with the kids?""",marriage,adulte,,60
THE BETTER SEARCH,"Two men bump shopping carts at a department store. Both have lost their wives. ""Mine is tall, blonde, blue-eyed, wearing a tiny black dress, and has an incredible chest. What does yours look like?""","""Forget mine. Let\'s find yours.""",misc,tout_public,,39
SOMETHING NICE,"A woman stares into the mirror. ""I\'m old, fat, wrinkled, and covered in cellulite. Please say something nice.""","Her husband says, ""Your eyesight is excellent.""",marriage,tout_public,,25
THE FINAL SECRET,"On his deathbed, a man confesses, ""I cheated on you once."" ""I know, darling."" ""How could you know?""","""Why do you think I poisoned you?""",kids,adulte,,25
THE SENIOR CUSTOMER,"A prostitute welcomes an extremely old man. ""At your age, sir, it\'s usually over."" ""What? I\'m a little deaf."" ""I said, at your age, it\'s over!""","The old man buttons his pants. ""Oh, it\'s over? What do I owe you?""",misc,tout_public,,40
THE CLOSET INSPECTION,"A husband hears a noise in the bedroom closet. He opens the door and finds a completely naked man. ""What are you doing in there?"" ""Hunting moths."" ""Naked?""","The man looks down at himself and gasps. ""Those little bitches ate everything!""",marriage,adulte,,41
THE PROPER TECHNIQUE,"A woman asks her deeply religious husband to let a handsome twenty-five-year-old stand in their bedroom and fan them while they make love. The husband reluctantly agrees. After a few minutes, she complains that she cannot feel any air and suggests the men switch places. The young man takes the husband\'s place while the husband works the fan. The woman immediately starts screaming with pleasure. Her husband looks proudly at the young man.","""See? It isn\'t that hard to use a fan properly.""",marriage,adulte,,83
THE TRAVEL UNIFORM,"A thirty-year-old virgin tells her friend she wants a well-equipped man. Her friend advises her to judge by shoe size. On a train, a conductor with enormous feet enters her car. Fascinated, she pulls him into the restroom and offers to have sex.","As he undresses, the conductor mutters, ""This company is ridiculous. The shirts are two sizes too small and the shoes are four sizes too big.""",work,tout_public,,68
PERFECT INFORMATION,What do you call a woman who always knows exactly where her husband is?,A widow.,marriage,tout_public,,16
VOICE ACTIVATED,"A woman buys a voice-controlled vibrator. Too impatient to wait, she tries it in her car. ""Super vibrator, into my pussy!"" The device obeys. Overcome with pleasure, she begins swerving, and a police officer pulls her over. ""Why are you driving like that?"" ""It isn\'t my fault, officer. It\'s the super vibrator!""","The officer rolls his eyes. ""Super vibrator, my ass!""",work,tout_public,,61
THE HOTEL NOTE,"A fifty-four-year-old man writes his wife that he will spend the evening at a hotel with his eighteen-year-old secretary. He promises to be home before midnight. When he arrives home, he finds a note:","""Dear husband, I am also fifty-four. I will be at a hotel with my eighteen-year-old tennis instructor. With your degree in mathematics, you should understand that eighteen goes into fifty-four many more times than fifty-four goes into eighteen. Do not wait up.""",marriage,tout_public,,76
KEEPING SCORE,"A woman leans out her window and calls for a man. The first volunteer goes upstairs, makes her come twice, and draws two chalk marks on a board. The second man goes up and adds five marks. The third volunteer is much older. A few minutes after he enters, the other men hear the woman scream from the window:","""More chalk! Quick, bring more chalk!""",misc,tout_public,,65
THE ORIGINAL LIFESTYLE,"After thirty-five years of marriage, a man tells his wife, ""Thirty-five years ago, we had a tiny apartment, an old car, a battered couch, and a little television---but I slept with a twenty-five-year-old blonde. Today we have a large house, a luxury car, and a giant television, but I sleep with a sixty-year-old woman.""","His wife smiles. ""Find yourself a twenty-five-year-old blonde. My lawyer will make sure you get the tiny apartment, old car, battered couch, and little television back.""",marriage,tout_public,,80
JUST FOR TONIGHT,"A man and a woman share a sleeping compartment on an overnight train. In the middle of the night, he says, ""I\'m freezing. Would you pass me the blanket from the shelf?"" She says, ""I have a better idea. Let\'s pretend we\'re married, just for tonight."" ""Wonderful idea!""","""Then get up, get your own damn blanket, and stop bothering me.""",marriage,tout_public,,60
THE SAD STORY,"A reporter asks a man in a remote mountain town for an interesting local story. ""A goat got lost in the woods. We found her, and every man in town fucked her."" ""I need something more serious."" ""A woman got lost in the woods. We found her, and every man in town fucked her."" ""No, something sad---something that caused you real pain.""","The man lowers his eyes. ""Not long ago, I got lost in the woods.""",misc,tout_public,,76
FURTHER AHEAD,"A driver picks up a beautiful hitchhiker in a miniskirt. While shifting gears, his hand brushes her thigh. She smiles. ""You can go farther, you know.""",So he drives her all the way to Miami.,misc,tout_public,,35
THE HOUSE SETTLEMENT,"During the divorce, my wife said, ""You can keep the house.""","I was touched until her attorney added, ""She is keeping the mortgage, the equity, and the address.""",marriage,tout_public,,28
THE GROCERY TEXT,"My wife texted, ""Get something sexy for tonight."" I came home with bacon.","We are still married, which proves I understood the assignment.",marriage,tout_public,,23
THE RETURN POLICY,"A man buys an engagement ring and asks the jeweler, ""What if she says no?"" ""You have thirty days to return it."" ""Excellent. What if she says yes?""","The jeweler lowers his voice. ""Then you\'re on your own.""",misc,tout_public,,38
THE PERFECT MATCH,"A woman asks her date, ""Are you looking for a serious relationship?"" ""Absolutely."" ""What makes you ready?""","""My landlord banned overnight guests.""",misc,tout_public,,22
THE SHARED PASSWORD,My wife changed the Wi-Fi password to our anniversary date.,"Now neither of us can get online, and neither of us is brave enough to ask.",marriage,tout_public,,26
RENEWED VOWS,"For our twentieth anniversary, my wife suggested renewing our vows. I said, ""Can we update the terms?""",The ceremony is postponed indefinitely.,marriage,tout_public,,22
PERFECT TIMING,My girlfriend asked whether I knew the difference between a quickie and an anniversary dinner. I said no.,"She said, ""Then happy anniversary.""",marriage,tout_public,,23
NEW DIRECTIONS,"During an argument, the navigation system said, ""Recalculating.""","My wife said, ""Finally, someone in this car admits they were wrong.""",marriage,tout_public,,20
THE MAN OF HER DREAMS,"My wife woke up smiling and said she dreamed about the perfect man. I asked, ""Was I in it?""","""Yes. You were holding his coat.""",marriage,tout_public,,25
SMART HOME SECURITY,"A husband comes home early and asks the smart speaker, ""Is anyone in the bedroom?""","The speaker replies, ""I found three devices, two heart rates, and one husband who should stay downstairs.""",work,adulte,,32
A RESPECTFUL PAUSE,"A golfer stops in the middle of a game, removes his cap, and bows his head as a funeral procession passes. His friend says, ""That was deeply respectful."" The golfer nods. ""It was the least I could do.","We were married for thirty-five years.""",marriage,tout_public,,44
THE OBSERVANT BIRD,"A man buys a parrot with no legs, which holds onto its perch with its beak. One day the bird says, ""Your wife and the mailman went upstairs together for an hour."" ""And then what happened?""","""No idea. You bought the bird with no legs.""",animals,tout_public,,45
SHARED PAIN,"During labor, a couple tests a machine that transfers the mother's pain to the father. The doctor raises it to one hundred percent, but the husband feels nothing.","When they return home, the mailman is dead on the porch.",marriage,tout_public,,39
THE NEXT HUSBAND,"A husband asks whether his wife would remarry if he died. ""Probably,"" she says, ""but not someone like you.","I believe in variety.""",marriage,tout_public,,23
ANCIENT TECHNOLOGY,"A child asks his grandfather whether he knew the dinosaurs. ""Almost.","I knew dial-up internet.""",work,tout_public,,15
A PERSUASIVE SUITOR,"A man asks a woman's parents for permission to marry her. During the conversation, he lights a cigarette. ""You smoke?"" they ask. ""Only when I drink."" ""You drink too?"" ""Only since I got out of prison."" Shocked, they ask why he was there. ""For being very nasty to parents who refused to let me marry their daughter.""","The parents immediately exclaim, ""Congratulations---she's yours!""",kids,tout_public,,63
THE MAGIC SEED,"A little boy asks his mother how he came into the world. She replies, ""It started with a magic seed.","Your father and I smoked it---and while we were high, we completely forgot to use a condom.""",misc,adulte,,37
A BAD HABIT,"A man comes home and catches his wife cheating. He looks at her and says calmly, ""So this is how it starts?","Be careful---you'll end up smoking cigarettes next!""",marriage,adulte,,29
TWO LINES,"A woman waits in a long line outside the bakery every day. A man tells her, ""Come home with me instead. I'll take care of you, but you should know that I already have four wives.""","She replies, ""I'd rather stand in line for a baguette than stand in line for yours!""",misc,tout_public,,52
FIVE TIMES A DAY,"A man visits an old friend in a tiny country town and proudly shows him a pill. ""With this, you can make love five times a day!"" His friend studies it. ""Only five?"" ""Yes. Why?""","""No thanks. I never take medicine that lowers my performance.""",medical,tout_public,,45
A NUMBER GAME,"A passerby hears voices chanting behind the wall of a psychiatric hospital: ""Thirty-three! Thirty-three! Thirty-three!"" Curious, he finds a tiny hole and presses his eye to it. A finger shoots through and pokes him hard.","As he stumbles backward, the chanting changes: ""Thirty-four! Thirty-four! Thirty-four!""",work,tout_public,,45
DEEP TROUBLE,"A scuba diver at fifty feet sees a man beside him with no tank. He descends to seventy feet; the man follows. At one hundred feet, the man is still there. Annoyed, the diver writes on his waterproof slate: ""HOW ARE YOU THIS DEEP WITHOUT EQUIPMENT?""","The man grabs the slate and writes back: ""I'M DROWNING, YOU IDIOT!""",misc,tout_public,,58
DESERT EMERGENCY,"Two friends are crossing the Sahara when a venomous snake bites one of them on the dick. His friend calls poison control. ""Apply pressure,"" says the operator. ""What did she say?"" cries the victim. ""Squeeze it tight."" The operator continues: ""Now someone must suck the venom out of the wound."" ""What did she say?""","His friend slowly hangs up. ""She says you're going to die.""",kids,tout_public,,65
THE LONELY CELL,"A brain cell arrives inside a man's head and finds the place completely empty. ""Wow, it's huge in here. Am I going to do everything alone?""","A distant voice calls, ""Hey, new guy! Come downstairs. That's where everybody is!""",misc,tout_public,,39
A DIFFICULT CHOICE,"""My doctor said if I didn't stop drinking, I wouldn't be able to work---so I quit."" ""Drinking?""","""No. Working.""",medical,tout_public,,19
A FAMILY TRADITION,"A man named Jimmy breaks his arm at work and is taken to the emergency room. The nurse asks his name. ""J-J-J-Jimmy."" She says, ""We can refer you to a speech therapist."" He replies, ""I don\'t stutter. My father did.","The doctor who filled out my birth certificate was an impatient asshole.""",medical,tout_public,,52
THE FOLLOW-UP,"An old woman tells her doctor, ""Doc, I can\'t stop farting. They\'re silent and have no smell, but I\'ve let out twenty in the last five minutes."" The doctor gives her some pills and asks her to return the following week. At the next appointment, she says, ""Doc, I took the pills. The farts are still silent, but now they stink!""","The doctor smiles. ""Great! We\'ve cleared your sinuses. Now let\'s work on your hearing.""",medical,tout_public,,75
FIVE MINUTES LATE,"A man arrives at a doctor\'s office with a knife sticking out of his back. ""Doctor, help me!"" ""Sorry. It\'s 6:05, and I close at six."" ""You can\'t leave me like this!"" The doctor sighs, pulls out the knife, asks the man to turn around, and sticks it into his eye. ""What the hell did you do that for?""","""Go see my colleague across the street. He stays open until seven.""",work,tout_public,,71
EXPERIMENTAL TREATMENT,"At the hospital, a woman appears to be living her final hours. She pulls her husband close. ""Make love to me one last time."" He locks the door and agrees. During sex, color returns to her face. When they finish, she tears out her IV, jumps out of bed, and shouts, ""I\'m cured! Let\'s go home!"" Her husband stays on the bed and begins to cry. ""Why are you crying?""","""To think I could have saved my mother.""",marriage,tout_public,,78
PROPER AFTERCARE,"At a psychiatric hospital, one patient falls into the swimming pool. Another dives in and saves him. The next day, the director congratulates the rescuer. ""Your heroic act proves that you\'re getting better. Unfortunately, the man you saved was found hanging in his room last night.""","The patient says, ""He didn\'t hang himself. I hung him up to dry.""",medical,tout_public,,59
THE FITNESS TEST,"My doctor asked how often I exercise. I said, ""Every day. I run out of patience, jump to conclusions, and carry grudges.""","He wrote, ""Active lifestyle.""",medical,tout_public,,26
THE CURFEW,"At four in the morning, a very drunk man stumbles home after striking out all night. He spots a huge pumpkin in his neighbor\'s yard, cuts a hole in it, and drops his pants. Two police officers suddenly hit him with their headlights. ""Sir, what are you doing to that pumpkin?""","The man looks down in horror. ""A pumpkin? Shit, is it midnight already?""",work,tout_public,,64
THE NEW PIRATE,"A former sailor returns with a wooden leg, a hook, and a glass eye. ""The leg?"" ""Lost it boarding an enemy ship."" ""The hand?"" ""Lost it in a sword fight."" ""And the eye?"" ""A seagull crapped in it."" ""You don\'t lose an eye from that.""","""You do on your first day with a hook.""",tech,tout_public,,54
THE COMPLETE SAMPLE,"A doctor orders urine, stool, and semen samples.","The patient says, ""To save time, Doc, I\'ll just leave you my underwear.""",medical,adulte,,21
THE FIRST TIME,A sixty-nine-year-old man knocks back four double Scotches. The bartender offers him a fifth.,"""No, thanks. I just had my first blowjob and wanted to get the taste out of my mouth. It\'s finally fading.""",bar,tout_public,,35
AN EARLY APPOINTMENT,"A man leaves a 69 in a hurry for a dental appointment. He brushes, chews gum, and uses mouth spray. The moment he opens his mouth, the dentist says, ""You just had a 69."" ""How could you know that?""","""Because your forehead smells like shit.""",medical,tout_public,,45
TWO PHONE CALLS,"At three in the morning, a couple calls the doctor. ""Doctor, our baby just swallowed a condom!"" The doctor dresses and heads for the door. The phone rings again.","""Never mind, Doctor. We found another one.""",work,adulte,,36
THIS MONTH\'S LOSSES,"A prostitute visits her doctor during her period. ""Do you lose much?"" he asks.","""About eight hundred dollars a day.""",money,tout_public,,20
A CALMING ROUTINE,"A man tells his doctor that every day he catches his wife with a different lover. Each time, he resists killing everyone, puts away his gun, makes coffee, and thinks for five minutes. ""You have remarkable self-control,"" says the doctor.","""That\'s not my concern, Doc. Are all those little cups of coffee bad for my health?""",marriage,adulte,,56
THE ESSENTIAL DIFFERENCE,What\'s the difference between an oral thermometer and a rectal thermometer?,The taste.,misc,tout_public,,13
THE WRONG SPECIALIST,"A man has an inflamed left testicle. His doctor means to give him a urologist\'s number but accidentally gives him his attorney\'s. At the appointment, the patient drops his pants. The attorney jumps back. ""Sir, my specialty is the law!""","""This country is ridiculous. Now you need a different specialist for each ball?""",medical,tout_public,,53
PROOF OF AGE,"A man forgets his identification at the Social Security office. The clerk asks him to open his shirt. Seeing his gray chest hair, she approves his retirement claim. That evening, he tells his wife.","""You should have dropped your pants,"" she says. ""You might have qualified for disability too.""",work,tout_public,,49
A HIGHLY SPECIALIZED JOB,"A woman stopped for speeding tells the officer she is a professional asshole stretcher. ""What does that involve?"" ""One finger, then two, then a hand, an arm, sometimes forceps---until the asshole is six feet wide."" ""What do you do with a six-foot asshole?""","""Usually we give him a radar gun and hide him behind an overpass.""",work,tout_public,,56
THE EXACT DIAGNOSIS,"Two elderly friends are talking. One bets a hundred dollars that he can guess the other\'s age by carefully feeling his testicles. After several minutes, he announces, ""You\'re eighty-two."" ""Incredible! How did you know?""","""You told me yesterday.""",money,tout_public,,38
THE MIXED-UP TUBE,"A teacher calls a student\'s home and asks for his mother. ""She\'s in the bathroom."" ""Then put your father on."" ""He\'s in the bathroom too."" ""Will they be long?""","""Probably. They asked me for the petroleum jelly, and I gave them the glue.""",kids,tout_public,,43
A YEARLY COMPARISON,What do a tire and 365 condoms have in common?,One is a Goodyear. The other is a very good year.,misc,adulte,,21
EXPERIMENTAL RECONSTRUCTION,"A jungle explorer falls from a cliff and loses an eye, an arm, and his penis. A village healer gives him a hawk\'s eye, a gorilla\'s arm, and an elephant\'s trunk.","Weeks later, the explorer reports, ""The eye is perfect and the arm is incredibly strong. But every time I stop to piss, the trunk starts eating the grass.""",animals,tout_public,,59
THE ANNUAL EXAM,"During my physical, the doctor said, ""Your body is a temple."" I said, ""Thank you.""","He replied, ""An abandoned one. The city is condemning it.""",medical,tout_public,,25
THE SIDE EFFECT,The label said my medication might cause sudden confidence. I called the pharmacy to tell them the warning was wrong.,"The pharmacist said, ""No, that\'s it starting.""",animals,tout_public,,27
THE EYE CHART,"The optometrist asked me to read the smallest line. I said, ""Payment due at time of service.""","""Perfect vision,"" she said. ""Terrible news.""",misc,tout_public,,23
A SENSITIVE PROCEDURE,"Before the prostate exam, the doctor said, ""Try to relax."" I said, ""Could you at least buy me dinner first?""","He replied, ""With your insurance? This is dinner.""",medical,tout_public,,28
THE HEALTHY CHOICE,"The cardiologist told me red wine can be good for the heart. I asked how much. He said, ""One glass.""",I changed cardiologists. This one clearly lacked ambition.,bar,tout_public,,28
THE NEW HEARING AID,My hearing aid is so advanced I can hear people whisper from across the room.,"Unfortunately, it still cannot make them say anything nice.",misc,tout_public,,24
THE PRESCRIPTION,The pharmacist stared at my doctor\'s handwriting for ten minutes.,"Finally he said, ""I can give you antibiotics, sleeping pills, or a small dog. Any of those could be what he wrote.""",medical,tout_public,,32
THE CAMERA TEST,"Before my colonoscopy, the doctor promised the camera was tiny.","I said, ""Then why does the consent form have a film credit section?""",medical,tout_public,,23
A NATURAL RESULT,"The plastic surgeon asked what result I wanted. I said, ""Natural.""","He looked at my payment history and said, ""Then age gracefully and get out.""",misc,tout_public,,25
A SECOND READING,The nurse said my blood pressure was dangerously high.,I asked her to remove the bill from my hand and check again.,medical,tout_public,,22
A BREAKTHROUGH SESSION,My therapist says I use humor to avoid my feelings. We both laughed.,"Well, I laughed. She adjusted the invoice.",misc,tout_public,,20
THREE VISITS,"A doctor opens a clinic with a sign: ""Treatment: \$20. Not cured? Get \$100 back."" A lawyer smells easy money. ""I\'ve lost my sense of taste."" The doctor gives him three drops. ""That\'s kerosene!"" ""Excellent---your taste is back. Twenty dollars."" The lawyer returns claiming memory loss. The doctor reaches for the same bottle. ""That\'s kerosene!"" ""Your memory is back. Twenty dollars."" On his third visit, the lawyer claims he cannot see. The doctor hands him a twenty-dollar bill. ""This is only twenty, not a hundred!"" The doctor smiles. ""Your eyesight is back.","Twenty dollars.""",money,tout_public,,94
LIGHT EXERCISE,"My friend asked why I was sweating so hard. I said, ""I opened a jar.""",He nodded like I had completed a triathlon.,misc,tout_public,,23
HOUSE RULES,"A patient says, ""Doctor, I think I'm a dog."" The doctor points to the couch. ""Lie down.""","The patient says, ""I'm not allowed on the furniture.""",medical,tout_public,,26
MEMORY LOSS,"A man tells his doctor, ""I'm losing my memory."" The doctor asks, ""Since when?""","The patient says, ""Since when what?""",medical,tout_public,,20
THE COUNTDOWN,"A patient asks, ""Doctor, how long do I have?"" The doctor checks his watch. ""Ten... nine...","eight...""",medical,tout_public,,17
ROUTINE PROCEDURE,"Before surgery, a doctor says, ""Don't worry. This is routine.""","The patient asks, ""For you or for me?""",medical,tout_public,,18
SUPPORTING FITNESS,I'm not against exercise.,I watch other people do it on television.,misc,tout_public,,12
THE SLEEP AID,A man asks a pharmacist for something that will keep him awake at night.,The pharmacist hands him a mortgage application.,animals,tout_public,,21
THE UNUSUAL PET,"A young man finds a talking frog. ""Kiss me and I\'ll become a beautiful princess,"" she says. He puts her in his pocket. ""I\'ll stay with you for a week and do anything you want."" He smiles and puts her back. Finally, the frog asks, ""Why won\'t you kiss me?"" The man shrugs. ""I\'m an engineer.","I don\'t have time for a girlfriend, but a talking frog is amazing.""",work,tout_public,,69
OPENING NIGHT,"An actor who keeps forgetting his lines finally gets a one-line role. The director says, ""Walk on holding a rose, smell it, and say, 'Oh, the scent of my lover.'"" On opening night, the actor enters on cue, raises his empty hand, and delivers the line perfectly. The audience bursts out laughing. Backstage, he asks, ""Did I forget my line?""","The director shouts, ""No---you forgot the rose!""",misc,adulte,,67
ROADSIDE ADVICE,"A driver gets a flat outside a psychiatric hospital and loses the wheel nuts. A patient watching from the wall says, ""Take one nut from each of the other three wheels. That'll hold the spare until you reach a garage."" The driver is amazed. ""That's brilliant. Why are you in there?""","The patient shrugs. ""I'm crazy, not stupid.""",medical,tout_public,,58
CORPORATE EFFICIENCY,"A CEO walks through his office and sees a man sitting on a sofa, scrolling through his phone. ""What are you doing?"" the CEO demands. ""Wasting time until I get paid."" ""What\'s your weekly salary?"" ""One thousand dollars."" Furious, the CEO counts out two thousand dollars and hands it to him. ""Here\'s two weeks\' pay. Take it and get out. You don\'t work here anymore!"" The man quietly takes the money and leaves. The CEO turns to the receptionist. ""Who was that guy?""","""The pizza delivery driver.""",work,tout_public,,87
PRIORITY CUSTOMER,"A man walks into a bank and snarls at the teller, ""Listen, bitch, get me the asshole who runs this dump."" She protests, but he keeps going. ""Shut the hell up and call the idiot who owns this place!"" The bank manager rushes over. ""Sir, I\'m the manager. What seems to be the problem?"" ""I just won a hundred and fifty million dollars in the lottery, and I want to deposit it here.""","The manager immediately turns to the teller. ""I see. Is this bitch giving you trouble?""",money,tout_public,,88
FIELD TECHNICIAN,"A woman spends four hours assembling an IKEA wardrobe. A city bus rumbles over the cobblestones outside, the apartment shakes, and the wardrobe collapses. She rebuilds it. The next bus passes, and it falls again. Furious, she calls IKEA. A technician arrives, rebuilds it, then climbs inside to locate the defect when the next bus goes by. At that moment, the woman\'s husband comes home, opens the wardrobe, and finds a man crouching inside.","The technician looks up. ""You\'re never going to believe this, but I\'m waiting for the bus.""",marriage,tout_public,,90
THREE OPERATING SYSTEMS,"Three software engineers meet at the restroom sink. The Windows engineer uses gallons of water, half the soap, and a stack of towels. ""At Windows, we're thorough."" The Apple engineer uses a splash of water, three drops of soap, and half a towel. ""At Apple, we're thorough and efficient."" The Linux engineer heads for the door. ""Aren't you washing your hands?""","""At Linux, we don't pee on our fingers.""",tech,tout_public,,69
ARCHAEOLOGICAL BREAKTHROUGH,Russian archaeologists dig 300 feet and find thousand-year-old copper wire. They announce that ancient Russians had wired communications. Americans dig 600 feet and find two-thousand-year-old glass fibers. They announce that ancient Americans had fiber optics a thousand years earlier. Belgian archaeologists dig three miles and find nothing.,They proudly announce that ancient Belgians had wireless internet five thousand years ago.,work,tout_public,,60
THE OLD CLAIM TICKET,"A man returns to New York after forty-five years away. In his old neighborhood, he finds the tiny shoe-repair shop he used before he left. He checks his wallet and discovers a claim ticket for a pair of loafers he never picked up. Inside, an ancient cobbler examines it. ""Brown loafers? Left shoe needed a new sole?"" ""Yes! Exactly!""","The cobbler disappears into the back room, returns, and says, ""They\'ll be ready Thursday.""",money,tout_public,,73
SUPPORTING EVIDENCE,"During an IRS audit, the agent says, ""You report an income of only \$1,800 a month. How do you explain your beach house in Malibu, your Manhattan condo, and your ranch in Texas?"" The taxpayer replies, ""One night I dreamed there was treasure under a tree in my mother\'s yard. The next morning, I dug there and found it."" The agent raises an eyebrow. ""Do you have any proof of that story?""","""Of course: my beach house in Malibu, my Manhattan condo, and my ranch in Texas.""",money,tout_public,,87
SECRET BAIT,"A bartender asks a customer, ""What are you having?"" ""A whiskey."" After drinking it, the customer refuses to pay. ""You asked what I was having. I thought you were buying."" The next day, he returns with a hard-boiled egg, cuts it into tiny cubes, and explains that he is making fishing bait. The curious bartender asks, ""What do you catch with that?""","The customer smiles. ""Mostly free whiskey.""",bar,tout_public,,68
CAMERA FIFTY,"A film crew has one chance to blow up a castle. Fifty cameras are positioned around the set. The director yells ""Action!"" and the castle explodes beautifully. But Camera One was out of focus. Camera Two lost power. Camera Three started late. One by one, forty-nine operators admit that they missed the shot. In tears, the director reaches the final cameraman. ""Please tell me you got it.""","The cameraman smiles. ""I\'m ready whenever you are.""",work,tout_public,,75
THE HIDDEN TALENT,"At a school for superheroes, the headmaster rolls his wheelchair up to a new student. ""What is your power?"" ""I can tell exactly how many pulls it takes to stop a ceiling fan. That one takes three."" The headmaster stands up, walks across the room, and pulls the chain three times. The fan stops. ""Interesting,"" he says, ""but that is not a superpower.""","""I was joking,"" she replies. ""My real power is healing people who cannot walk.""",kids,tout_public,,77
TODAY\'S SPECIAL,"A newly hired waitress copies the specials onto a chalkboard and accidentally writes, ""TUNA MELT --- \$6; CHEF\'S HAND JOB --- \$11."" A trucker asks, ""Are you the one who gives the chef\'s hand jobs?"" ""Yes. Why?"" ""Then wash your hands.","I\'ll have the tuna melt.""",work,tout_public,,46
THE BETTER LAWYER,What\'s the difference between a good lawyer and a great lawyer?,A good lawyer knows the law. A great lawyer knows the judge.,misc,tout_public,,23
THE PACKED LUNCH,"Three construction workers eat lunch high above the street. Bill finds another burger, Tony finds pasta again, and Chuck finds the same fish sandwich. Each vows to jump if he gets the same lunch tomorrow. The next day, all three lunches are identical. All three men jump.","At the funeral, Bill\'s and Tony\'s widows cry that they would have packed something else if they had known. Chuck\'s widow says, ""I don\'t understand. He packed his own lunch.""",work,tout_public,,77
THE LONG RIDE,"A driver picks up a hitchhiker. ""How far are you going?"" ""As far as you can take me."" The driver crosses the city, the state line, and finally reaches San Diego. ""This is as far as I can go.""","""Perfect. I live right across the street.""",misc,tout_public,,46
MINIMAL MATERIALS,"An engineer, a physicist, and a mathematician must build a fence around sheep using the least material. The engineer packs the flock into a circle and fences it. The physicist starts with an enormous circle and keeps shrinking it.","The mathematician builds a tiny fence around himself and declares, ""I define myself as being outside.""",work,tout_public,,55
NO EXCUSES,"A professor warns her class that nobody may miss tomorrow's mechanics exam without a genuine emergency. A joker in the back asks, ""What about extreme exhaustion from too much romance?""","After the laughter dies down, the professor smiles. ""Then you'll write with your other hand.""",misc,tout_public,,45
THE THIRD OPINION,"A physicist, a biologist, and a mathematician watch two people enter a house. Five minutes later, three people leave. The physicist says, ""The original measurement was wrong."" The biologist says, ""They reproduced.""","The mathematician says, ""If one person goes inside now, the house will be empty.""",work,tout_public,,46
FULL SERVICE,"A man walks into a bar. ""How much is a Coke?"" ""Five dollars for the Coke and five dollars for service."" The man hands over ten dollars. The bartender gives five back. ""Why did you return five dollars?""","""Because we\'re out of Coke.""",bar,tout_public,,43
BUDGET LANGUAGE SCHOOL,"A man compares English grammar classes. Every teacher charges fifty dollars an hour except one ad: PERFECT ENGLISH GRAMMAR - \$5 AN HOUR He goes to the address and knocks. ""Is this the five-dollar English teacher?""","A voice from inside replies, ""Yes. You is at the right place.""",money,tout_public,,48
OLD DRINKING BUDDY,"Every day, a man orders two whiskeys at the same bar. He explains, ""My best friend and I always drank together in the Army. We lost touch, so I drink one for him and one for me."" Six months later, he orders only one. The bartender asks gently, ""Did your friend die?""","""No. I quit drinking.""",bar,tout_public,,56
OFFICE HOURS,"During a job interview, a veteran explains that a land mine took both testicles. The manager hires him and says, ""Office hours are eight to four, but you can come in at ten."" ""I don\'t want special treatment.""","""It isn\'t special treatment. Everyone here spends eight to ten scratching their balls.""",work,tout_public,,51
THE FIRST STEP,"A woman in a skin-tight skirt cannot climb onto a bus. She discreetly lowers a zipper behind her, tries again, then lowers it farther. A man suddenly lifts her onto the step. ""What gives you the right to touch me?""","""That\'s the second time you\'ve unzipped my fly. I figured we were getting close.""",misc,tout_public,,54
THE FISHING LICENSE,"A game warden catches a man with a bucket full of fish. ""They\'re my pets,"" the man says. ""Every evening I let them swim, then whistle and they come back."" To prove it, he pours them into the lake. Minutes later, the warden asks when he plans to call them back.","""Call who back?""",animals,tout_public,,54
TONIGHT\'S DINNER,"A woman thinks she is losing her hearing. From across the house, she asks her butler what he is cooking. No answer. She asks again while getting closer, then stands directly behind him. ""James, what are you making for dinner?""","""Beef stew. That\'s the fourth time I\'ve told you.""",misc,tout_public,,49
SCHEDULED MAINTENANCE,"David runs into Morris. ""I heard your store burned down!""","Morris checks his watch. ""That\'s next week.""",misc,tout_public,,17
THE RED LIGHT,"A police officer stops a driver. ""Didn\'t you see the red light?""","""I saw the light. I didn\'t see you.""",work,tout_public,,20
SAVING AMMUNITION,"In the middle of a heated battle, I pulled a knife to save ammunition.","For some reason, all the other paintball players completely freaked out.",kids,tout_public,,25
UNEXPECTED ENGINEERING,"When one door closes, another one opens.","Other than that, it\'s a pretty good car.",misc,tout_public,,15
TWO METALS,What\'s the difference between an iron superhero and an aluminum superhero?,The iron hero stops the bad guys. The aluminum hero foils their plans.,misc,tout_public,,24
MEDICATION SIDE EFFECTS,I left my ADHD medication in a Ford Fiesta.,"When I came back, it had become a Ford Focus.",animals,tout_public,,19
THE ORAL EXAM,"A boy from a family that has never once talked to the police is sent in for an oral exam. His father waits all day, sick with worry.","That evening the boy comes home beaming. ""Dad, you would have been proud. They questioned me for two hours and I didn't say a word.""",misc,tout_public,,53
THE ROOM RATES,"A traveler asks a hotel for its room rates. ""A thousand dollars on the first floor, eight hundred on the second, and six hundred on the third."" The traveler thanks the clerk and leaves. ""Too expensive?""","""No. Your hotel just isn\'t tall enough for me.""",money,tout_public,,45
THE CAUTIOUS DRIVER,"A cabdriver speeds through three red lights. Each time his passenger protests, he says, ""Don\'t worry. My brother-in-law does this all the time."" At the fourth intersection, the light is green, but the driver slams on the brakes. ""Why stop now?""","""My brother-in-law might be coming the other way.""",work,tout_public,,49
WINTER GEAR,"A teacher struggles for ten minutes to pull boots onto a child. ""They\'re on the wrong feet,"" he says. She removes them and starts again. ""Those aren\'t my boots. They\'re my brother\'s, but Mom said I have to wear them."" The teacher starts over once more, then asks, ""Where are your gloves?""","""Inside my boots.""",kids,tout_public,,55
A HELPFUL NOTE,A man finds his car smashed in a parking lot. A note is tucked under the windshield wiper:,"""I hit your car. Everyone is watching and thinks I am leaving my contact information. I am not.""",misc,tout_public,,36
SCIENTIFIC DATING,"At a museum, a visitor asks the age of a dinosaur skeleton. ""Six million years, five months, and three days."" ""How can you be so precise?""","""When I started working here five months and three days ago, they said it was six million years old.""",work,tout_public,,45
THE REVISED HEADLINE,"In Dallas, a boy saves his friend by killing the pit bull attacking him. A reporter writes: ""Young Cowboys Fan Heroically Saves Friend."" ""But I\'m a Giants fan,"" says the boy.","The reporter starts again: ""Young Thug Cold-Bloodedly Murders Beloved Texas Family Pet.""",animals,tout_public,,43
THE SECRET INGREDIENT,"A restaurant customer can smell the towel on a waiter\'s arm and identify every dish being prepared. To fool him, the waiter takes the towel home and has his wife rub it between her legs. The next day, the customer sniffs it and looks surprised.","""Wait---Nicole works here now?""",marriage,tout_public,,49
GENIUS ARITHMETIC,"A psychiatrist asks three patients what seven times five equals. The first says ""one thousand,"" the second says ""Thursday,"" and the third says ""thirty-five."" ""Excellent! How did you get that?""","""Easy. I divided one thousand by Thursday.""",medical,tout_public,,37
THE EXIT INTERVIEW,"HR asked why I was leaving. I said, ""For a company that values honesty."" They said, ""We value honesty.""","I said, ""No, you value exit interviews.""",work,tout_public,,26
THE REMOTE MEETING,"My boss asked why my camera was off during the video meeting. I said, ""Bandwidth."" He asked why my microphone was off.","""Employment preservation.""",work,tout_public,,24
UNLIMITED VACATION,Our company offers unlimited vacation.,You can take as much time as you want between being fired and finding another job.,work,tout_public,,21
THE HELPFUL REPLACEMENT,My office installed an artificial-intelligence assistant.,"It reads every email, schedules every meeting, and has already applied for my position.",work,tout_public,,20
PERFORMANCE GOALS,My annual review said I need to show more initiative.,So I added a zero to my salary and sent it back for approval.,work,tout_public,,24
THE INTERNSHIP,"The job listing promised ""valuable exposure.""","It was unpaid, outdoors, and in January. For once, the advertisement was completely honest.",work,tout_public,,20
THE HONEST ATTORNEY,"A lawyer says, ""I charge five hundred dollars for three questions."" The client says, ""Isn\'t that expensive?""","""Yes. What\'s your third question?""",work,tout_public,,22
THE OFFICE PRINTER,The printer only jams when I am in a hurry.,"It is the most emotionally intelligent machine in the building, and it hates me.",misc,tout_public,,24
THE TRAINING VIDEO,"The workplace safety video began, ""Everything you are about to see could have been prevented.""",So I turned it off.,misc,tout_public,,20
THE RIGHT PAPER,"A soldier picks up every scrap of paper he sees, studies it, and mutters, ""That's not it."" Doctors finally declare him unfit for duty and hand him his discharge papers.","He reads them, smiles, and says, ""That's it!""",medical,tout_public,,38
JOB SECURITY,Working at the unemployment office must be stressful.,"If they fire you, you still have to show up there the next morning.",work,tout_public,,22
THE GUILLOTINE,"A priest, a lawyer, and an engineer face the guillotine. The blade jams for the priest and lawyer, so both are released as acts of divine mercy.","The engineer lies down, looks up, and says, ""Wait---I think I see the problem.""",misc,tout_public,,41
BUILDING CAPACITY,Two mathematicians enter an empty building and three come out.,The security guard records an occupancy of minus one and is immediately promoted to accounting.,work,tout_public,,25
STATISTICAL ACCURACY,An engineer shoots five feet left of a target. A physicist shoots five feet right.,"The statistician cheers, ""We hit it on average!""",misc,tout_public,,23
PROOF OF DINNER,"An engineer, physicist, and mathematician are each locked in a room with canned food but no opener. The engineer dismantles the can. The physicist calculates the perfect angle to smash it.",The mathematician starves beside a board proving that a solution exists.,misc,tout_public,,42
DEPARTMENT BUDGETS,"A dean complains, ""Physics needs expensive laboratories. Mathematics only needs paper, pencils, and wastebaskets.","Philosophy is even cheaper---they don't need the wastebaskets.""",misc,tout_public,,22
PROFESSIONAL OFFENSE,"A man walks into a bar and shouts, ""All lawyers are idiots!"" A customer objects. ""Why? Are you a lawyer?"" ""No.","I'm an idiot.""",bar,tout_public,,24
MEETING RESULTS,A businessman walks into a bar after a three-hour meeting. The bartender asks what they decided.,"""To schedule another meeting.""",work,tout_public,,20
POSITIVE IDENTIFICATION,"Two atoms walk into a bar. One says, ""I lost an electron."" The other asks, ""Are you sure?""","""I'm positive.""",bar,tout_public,,20
LEGAL REPRESENTATION,"A man in custody says, ""I won't speak without my lawyer present."" The officer says, ""You are the lawyer."" He replies, ""Exactly.","So where's my present?""",work,tout_public,,26
PAYROLL ACCURACY,"An employee complains that his paycheck is fifty dollars short. Payroll replies, ""Last month we overpaid you by fifty, and you never complained.""","He says, ""I can overlook one mistake, but not two in a row.""",work,tout_public,,36
THE PRETTY FIELD,"An architect, engineer, and bricklayer debate who matters most. The architect says, ""I design it."" The engineer says, ""I calculate it.""","The bricklayer says, ""Without me, you have a pretty drawing and beautiful math sitting in a field.""",misc,tout_public,,38
FAST MONEY,"A client asks a financial adviser, ""How can I become a millionaire quickly?""","""Start as a billionaire and wait.""",animals,tout_public,,19
FOLLOWING DIRECTIONS,A teacher asks why a student is late.,"""The sign said 'School: Slow Down,' so I did.""",kids,tout_public,,17
THE RIGHT SPOT,"A customer wants an itemized bill for a five-minute plumbing repair. The plumber writes: ""Hitting the pipe: one dollar.","Knowing where to hit it: one hundred forty-nine.""",money,tout_public,,27
THE BOSS BIRD,"A pet shop sells three identical parrots for five hundred, one thousand, and two thousand dollars. The first knows computers; the second can program. ""What does the expensive one do?"" asks a customer. ""No idea,""","says the clerk, ""but the other two call him Boss.""",work,tout_public,,45
ACADEMIC SOURCES,Stealing one person's idea is plagiarism.,Stealing from many is research.,kids,tout_public,,11
HARDWARE SUPPORT,How many programmers does it take to change a light bulb? None.,That's a hardware problem.,misc,tout_public,,16
EMOTIONAL SAVINGS,I'm not cheap.,I'm emotionally attached to my money.,money,tout_public,,9
DECISION RIPENING,I don't procrastinate.,I let decisions ripen until they rot.,misc,tout_public,,10
THE PROCRASTINATION BOOK,A man asks a librarian for a book about stopping procrastination.,"""It should arrive next week.""",misc,tout_public,,16
THE EXPERIMENT,"A scientist tests a mouse's reflexes by removing its legs one at a time. After the fourth leg, the mouse no longer moves when ordered forward.","He writes: ""Conclusion: removing all four legs causes hearing loss.""",animals,tout_public,,36
THE THIRD QUESTION,"Three nuns die in a car crash and arrive at the gates of heaven. St. Peter tells them that each must answer one question before entering. He asks the first nun, ""What was the name of the first woman?"" ""Eve!"" she replies. St. Peter welcomes her in. He asks the second nun, ""Where did Adam and Eve live?"" ""The Garden of Eden!"" She is welcomed in, too. St. Peter warns the Mother Superior that her question will be more difficult. She agrees that this is fair. ""What did Eve say when she first saw Adam?"" he asks. The Mother Superior thinks for a moment. ""Oh\... that\'s a hard one.""","""Congratulations,"" says St. Peter. ""Welcome to heaven!""",work,tout_public,,116
THE RETURN VISIT,"A Martian arrives on Earth. Humanity has plenty of questions, so the U.N. arranges a conference. World leaders, public intellectuals, and religious leaders attend to ask their most burning questions. When it is the Pope\'s turn, he asks, ""I was wondering\... have you ever heard of our Lord and Savior, Jesus Christ?"" ""Of course!"" says the Martian. ""He stops by our planet every couple of years, and we always have a great time."" Stunned, the Pope says, ""Surely you are mistaken. Jesus Christ was here about two thousand years ago, but he left, and we\'ve been waiting for his return ever since. Why would he visit you so often?"" The Martian shrugs. ""Well, maybe he didn\'t like the party."" ""The what?"" the Pope asks.","""The party. When Jesus first showed up on our planet, we threw a huge celebration---music, dancing, food. It was great! Why? What did you guys do?""",work,tout_public,,150
INNER PEACE,"A spiritual teacher walks through a village with his disciples. Several opponents insult him, but he remains completely calm. One disciple asks, ""Master, how can you stay so peaceful?"" The teacher smiles. ""If someone offers you a gift and you refuse it, who owns the gift?"" ""The person who offered it."" ""Exactly. So when they offer anger, I let them keep it."" The disciple nods. ""Beautiful.""","The teacher whispers, ""Also, I poisoned their well.""",kids,tout_public,,74
TONIGHT'S MENU,"A man is being held captive in a cage by a group of cannibals. With no way out, he whispers, ""Oh God, I\'m so screwed!"" A light shines down and the voice of God says, ""No. In two hours they will take you from this cage. As you walk with them, a sparrow will fly overhead. Run left. The first man you see will be their leader. Kick him in the balls as hard as you can."" Exactly two hours later, the cannibals take him out. A sparrow flies overhead. The prisoner runs left and kicks the first man with all his strength. The leader drops to his knees.","The light shines down again, and God says, ""NOW you\'re screwed!""",kids,tout_public,,120
HIGHER MANAGEMENT,"A visitor at a synagogue challenges the caretaker. ""Are you important around here?"" ""I\'m above the janitor."" ""Above the rabbi?"" ""Yes."" ""Above the chief rabbi of the whole country?"" ""Still higher."" ""Then you\'re God?"" ""I\'m above God."" The visitor shouts, ""But there\'s nothing above God!""","The caretaker nods. ""That\'s exactly what I am.""",misc,tout_public,,53
PLAN B,"A man finds an old lamp in the woods. A genie appears and offers one wish. ""Bring my favorite dead singer back for one final concert."" ""Impossible,"" says the genie. ""The paperwork for the dead is a nightmare. Pick something else."" ""Fine. Make the world\'s most famous pop star fall madly in love with me and marry me.""","The genie goes quiet. ""About that concert---would you prefer a stadium or a small theater?""",tech,tout_public,,73
THE CONFESSIONAL,"A man staggers into a confessional. The priest sits on the other side. ""My son, what can I do for you?""","""You got any toilet paper?""",kids,tout_public,,26
SAME ORDER,"A man walks into a bar with a parrot on his shoulder. ""Whiskey, please."" The parrot adds, ""And a Coke for me!"" After the third interruption, the man warns him, ""Ask again and I\'ll tape you to the wall."" The parrot orders another Coke. The man tapes him to the wall beside a crucifix.","The parrot looks at Jesus and asks, ""You order a Coke too?""",bar,tout_public,,66
AN UNEXPECTED RISK,"A man tells a priest, ""Father, everyone I talk to falls in love with me---my neighbor, her sister, my assistant, the housekeeper, even the baker."" He keeps talking for ten minutes. Suddenly the priest grabs his sandals and runs for the door. ""Father! Where are you going?""","Without looking back, the priest yells, ""You've been talking to me for ten minutes! I'm leaving before we find out whether your story is true!""",misc,tout_public,,72
A LARGE REQUEST,"A man rubs an old lamp and a genie appears. ""I'll grant all your wishes!"" ""I want a giant palace with a hundred bedrooms, pools, gardens, fountains, and sports fields!""","The genie stares at him. ""Think for two seconds. If I could build all that, do you really think I'd be living in a one-room lamp with no windows?""",tech,adulte,,59
FORTY YEARS OF FAITH,"Reporters in Jerusalem interview an old man at the Western Wall. ""How often do you pray here?"" ""Every evening for forty years. I pray for peace, an end to hunger and disease, for the planet, my family, my friends---for all humanity."" ""And what has all that prayer brought you?""","The old man sighs. ""Not much. Most days I feel like I'm talking to a wall.""",work,tout_public,,65
LONG-DISTANCE RATES,"Two friends die in a crash and arrive in hell. The Devil allows one phone call at \$10,000 a minute. The first calls his wife for two minutes and owes \$20,000. The second chats with his cousin in Gary, Indiana, for two hours. The Devil checks the bill. ""That'll be \$1.50."" ""Why so cheap?"" the first man screams.","The Devil shrugs. ""Hell to Gary is a local call.""",work,tout_public,,68
TERMS AND CONDITIONS,"A man finds a genie in a bottle and is offered three wishes. The genie says, ""I will grant your wishes, but there are three rules: you cannot bring back the dead, kill anyone who is alive, or wish for more wishes."" The man says, ""I wish envelopes and stamps moaned whenever someone licked them.""","The genie pauses. ""There are four rules.""",work,tout_public,,62
THE CONVENT VISIT,"Three storks are carrying babies. ""I\'m delivering mine to newlyweds."" ""Mine is for a couple who waited ten years."" ""And I\'m going to a convent."" The others stare.","""I\'m not delivering anything. I just love scaring the hell out of them.""",work,tout_public,,41
DIRECTIONS,"In a small town, a priest cannot find the post office. Everyone ignores him except a completely drunk man, who gives him perfect directions. After mailing his letter, the priest comes back. ""You were very kind. To thank you, I\'d like to show you the way to God.""","The drunk laughs. ""You couldn\'t even find the post office.""",work,tout_public,,58
THREE REASONS,"At a White House reception, a man asks a formally dressed guest to dance.","""No, for three reasons. First, nobody dances to the national anthem. Second, not in front of the President. Third, I\'m the Cardinal of New York.""",work,tout_public,,39
AN UNUSUAL WAIT,"A mother insists that her pregnant daughter has never been near a man. The doctor stands and stares out the window at the sky. ""What are you doing?""","""The last time this happened, a star appeared and three wise men showed up to explain it. I\'m waiting.""",work,adulte,,47
THE IDENTITY CHECK,"A famous painter reaches heaven and proves his identity by drawing a masterpiece. A celebrated novelist writes a brilliant paragraph. Then a reality-television star arrives and asks, ""Who are those two?""","Saint Peter opens the gate. ""That proves it. You\'re definitely a reality-television star.""",misc,tout_public,,44
AN AWKWARD INVITATION,"Judas asks Jesus, ""Hey, are you coming to the Last Supper tonight?"" Jesus stares at him. ""The what?""","Judas quickly corrects himself. ""The supper. I mean, are you coming to the supper tonight?""",misc,tout_public,,33
THE COMPETITION,"An opera singer boasts that during his cathedral concert, a statue of the Virgin Mary began to cry.","A rival tenor replies, ""At my concert overseas, the giant statue of Christ leaned down, hugged me, and said, \'Magnificent! Not like that other idiot who made my mother cry.\'""",work,tout_public,,48
THE IMPORTANT PASSENGER,"The Pope asks to drive his own limousine. On the highway he speeds and gets pulled over. The officer calls his chief. ""I stopped someone extremely important."" ""A governor? The President?""","""More important. I don\'t know who he is, but the Pope is his chauffeur.""",work,tout_public,,45
THE ATHEIST\'S SURPRISE,"An atheist dies and meets God. ""Well,"" says God, ""this is awkward.""","The atheist nods. ""For one of us, definitely.""",misc,tout_public,,20
THE GOLDEN STREETS,A wealthy man arrives in heaven carrying a suitcase of gold bars. An angel opens it and laughs.,"""You brought pavement?""",bar,tout_public,,21
THE ETERNAL CLOCK,"In heaven, clocks spin faster each time someone lies. One man\'s clock never moves. ""Was he perfectly honest?""","""No. We use his clock as the office fan.""",work,tout_public,,27
THE DEVIL\'S DISCOUNT,"The Devil advertises, ""Sell me your soul and get everything you want."" A shopper asks, ""Is there a free trial?""","The Devil smiles. ""You\'re living it.""",misc,tout_public,,26
THE FINAL SERMON,"The preacher announced, ""Tonight's sermon is about forgiving your enemies."" Half the church stood up and left.",They had come to hear what was going to happen to their enemies.,tech,tout_public,,30
THE ANSWERED PRAYER,"A man prays every night to win the lottery. After twenty years, a voice from heaven finally says:","""Meet me halfway. Buy a ticket.""",money,tout_public,,24
THE HEAVENLY COMPLAINT,A man reaches heaven and complains that his cloud is too small.,"The angel checks his file. ""Sir, that isn\'t a cloud. You are standing in the smoking section.""",misc,tout_public,,29
THE LAST CONFESSION,"A dying man tells the priest, ""I stole, lied, cheated, and never felt guilty."" The priest says, ""Repent now and you may still enter heaven.""","The man whispers, ""Could you put that guarantee in writing?""",misc,adulte,,35
A BETTER ETERNITY,The Devil offers a new arrival two choices: eternal fire or an endless committee meeting. The man chooses fire.,"""Wise,"" says the Devil. ""The meeting decides the fire temperature.""",work,tout_public,,29
THE ADMISSION TEST,"At heaven\'s gate, the angel asks a lawyer for one honest statement. The lawyer says, ""This will be difficult.""",The gate opens immediately.,misc,tout_public,,23
THE MIRACLE REVIEW,"A man asks God for a sign. His car starts, his phone charges, and the drive-through gets his order right.","He whispers, ""Okay, now you\'re just showing off.""",work,tout_public,,28
THE NEW COMMANDMENT,"A prophet returns from the mountain carrying a tablet. The crowd asks, ""Is that a new commandment?""","""No. The old ones are now a subscription.""",misc,tout_public,,25
THE BEST DOOR,"The Devil shows a newcomer three rooms. In the first, people stand on their heads on sharp gravel. In the second, they stand on their heads on hard tile. In the third, everyone stands ankle-deep in sewage, drinking coffee and chatting. The man chooses the third room. He takes a mug and relaxes. A demon suddenly cracks a whip. ""Coffee break is over!","Back on your heads!""",work,tout_public,,67
A BETTER ENDING,"People always say, ""At least he died doing what he loved.""","I want to die doing something I hate, so everyone can say, ""Good. He didn't have to finish it.""",misc,tout_public,,30
DRY MONTH,"A month without alcohol improved my sleep, skin, mood, savings, and health.","Unfortunately, it also made every evening last nine hours.",misc,tout_public,,21
CLIMATE CONTROL,"An engineer dies, lands in Hell by mistake, and installs air-conditioning, elevators, and plumbing. Heaven demands his return. The Devil refuses. God threatens to sue. The Devil laughs.","""Where are you going to find a lawyer up there?""",work,tout_public,,38
A SIGN FROM ABOVE,I asked the universe for a sign.,It sent me a bill.,misc,tout_public,,12
THE TEMPERATURE OF HELL,"A professor asks whether Hell is exothermic or endothermic. One student writes pages of equations and concludes: ""If Hell expands slower than the number of arriving souls, the temperature rises. Based on my dating history, more people are entering than leaving.","Therefore, Hell is exothermic.""",kids,tout_public,,45
THE WAY OUT,A man enters a cemetery and asks for the exit.,"The caretaker says, ""Straight ahead---for now.""",misc,tout_public,,16
A HEROIC MOMENT,"A woman is drowning beneath a huge seaside cliff while a crowd watches helplessly. Suddenly, a man dives from the rocks and swims straight toward her. The crowd erupts: ""What a hero! What courage!""","The man surfaces and shouts, ""Thanks---but when I get back up there, I want to know which jerk pushed me!""",misc,tout_public,,54
THE SEATING PLAN,"A man jumps onto a bus and yells, ""Nobody move! Women to the left, men to the right! I'm going to rob the women and kiss the men!"" A woman protests, ""Why not the other way around?""","A man in the back calls out, ""Ma'am, please don't start changing the plan now that, for once, it's perfectly organized.""",misc,tout_public,,58
SANTA'S MAIL,"An orphan writes Santa asking for one hundred dollars. Moved, postal workers collect fifty and mail it to him. A week later they receive another letter:","""Dear Santa, thank you for the money. Next time, don't send it through the post office---the crooks kept half.""",work,tout_public,,45
THREE MOTHERS,Three Jewish mothers brag about their sons. The first says hers could buy all of New York City. The second says hers could buy New York and Los Angeles.,"The third shrugs. ""What makes you think my son wants to sell?""",work,tout_public,,41
A PARKING SPACE,"A late businessman circles the block, praying. ""God, if you find me a space, I\'ll attend synagogue every day, give to the poor, and never miss another prayer."" A truck pulls away from the perfect spot.","""Never mind, Lord. I found one.""",money,tout_public,,42
THE FAMOUS FRIEND,"Dave brags to his boss, ""I know everyone there is to know. Name anyone, and I know them."" His boss calls his bluff. ""How about the biggest action star in Hollywood?"" They fly west. The star opens the door and shouts, ""Dave! Great to see you! Come in for a beer!"" Impressed but skeptical, the boss asks about the President. At the White House, the President spots Dave on a tour and waves him inside for a drink. Still not convinced, the boss names the Pope. They fly to Rome. Dave says, ""I\'ll never catch his eye from here. I know the guards, so I\'ll go up to the balcony."" Half an hour later, Dave appears beside the Pope. When he returns, his boss is on the ground with paramedics. ""What happened?""","His boss looks up. ""You and the Pope came out, and the man beside me asked, \'Who the fuck is that standing next to Dave?\'""",bar,tout_public,,157
THE DEMONSTRATION,"Three admirals argue about whose sailors are bravest. The Russian orders a sailor to jump overboard, swim beneath the ship, and climb back up. The sailor obeys. The American orders one of his sailors to swim from bow to stern and back. He obeys too. The British admiral gives his sailor an even more dangerous order. The sailor looks him straight in the eye and says, ""You can fuck right off, sir."" The British admiral smiles.","""That, gentlemen, is courage.""",work,tout_public,,80
THE IMPATIENT CUSTOMER,"A long line forms outside a store that has not opened yet. One man pushes all the way to the front. The first customer slaps him. Then everyone else slaps him, one after another, until he lands at the back of the line. He tries again and gets slapped all the way back a second time. Finally, he loses his temper.","""Fine! If that\'s how you\'re going to act, I\'m not opening the store today!""",tech,tout_public,,75
TWO TICKETS,"A Broadway producer sends a famous critic two tickets for opening night with a note: ""Bring a friend, if you have one."" The critic sends them back with his reply:","""I can\'t attend opening night. I\'ll come to the second performance, if there is one.""",misc,tout_public,,45
THE MOVIE TICKET,"A Florida man buys a movie ticket. At the entrance, the usher tears it in half. He returns to the box office, buys another, and the usher tears that one too. After the fourth ticket, the cashier asks why he keeps coming back.","""Because the crazy woman at the door keeps destroying my tickets.""",work,tout_public,,54
THE ROOFTOP,"The President and Vice President watch an angry demonstration from a rooftop. The President says, ""All I want is to make these people happy.""","The Vice President replies, ""Then why don\'t you jump?""",tech,tout_public,,33
THE NEW MONUMENT,"An American tourist asks a Paris cabdriver how long each landmark took to build. Every time, he says Americans would have built it ten times faster. They reach the Eiffel Tower. ""What\'s that?"" the tourist asks.","The driver shrugs. ""No idea. It wasn\'t there yesterday.""",work,tout_public,,45
THE TRAFFIC STOP,"A police officer stops a man leaving a very wet party. ""Sir, you appear to be in a state of intoxication.""","""No, Officer. I\'m in Tennessee.""",work,tout_public,,26
THE MISSING OBJECT,"A Texan, a New Yorker, and a man from Michigan meet a genie. Each must throw something into the ocean; if the genie finds it, the man dies. The genie finds the Texan\'s toothpick and the New Yorker\'s nail. He searches forever for the Michigander\'s object.","""Keep looking,"" says the man. ""I threw in a dissolving antacid tablet.""",work,tout_public,,58
THE COMPLETE ANALYSIS,"Two idiots see something brown on the sidewalk. ""Looks like shit."" They touch it, smell it, and finally taste it.","""Yep, it\'s shit. Good thing we didn\'t step in it.""",misc,tout_public,,30
TRADITIONAL FORECASTING,"A trapper asks an old mountain man whether winter will be cold. ""Very cold,"" says the old man. The trapper cuts more firewood and asks again. ""Brutally cold."" After stacking an enormous pile, the trapper asks how he can be so certain. The old man points to the wood.","""When a nervous fool cuts that much firewood, winter is usually very cold.""",tech,tout_public,,62
LANGUAGE SKILLS,What do you call someone who speaks three languages? Trilingual. Two languages? Bilingual.,One language? American.,work,tout_public,,16
DIVINE BALANCE,"After creating California, God realized it had perfect weather, mountains, beaches, and fertile valleys.","To keep the other states from getting jealous, He created Californians.",misc,tout_public,,25
STANDARD EQUIPMENT,"At a stoplight, the owner of a tiny customized car asks the driver of a luxury sedan whether it has GPS, television, and a refrigerator. It has everything except the refrigerator. The embarrassed driver installs a refrigerator and freezer, then finds the little car with steamed-up windows. He knocks to announce the upgrade.","""You interrupted my hot tub for that?"" says the owner.",bar,tout_public,,63
THE CAMPAIGN PROMISE,A candidate promises to create thousands of jobs.,"He wins, and every voter immediately needs a second one.",work,tout_public,,18
THE PUBLIC RECORD,"A senator says, ""My record speaks for itself.""","His attorney whispers, ""That is exactly what we\'re trying to prevent.""",misc,tout_public,,19
THE NEW TAX FORM,The government simplified the tax form to two questions: 1. How much did you make?,2. Why do you still have it?,money,tout_public,,22
THE PRESS CONFERENCE,"A spokesperson begins, ""We will now take questions."" The reporters cheer.","""I didn\'t say we would answer them.""",kids,tout_public,,18
THE NATIONAL DEBT,I tried to explain the national debt to my son.,"He borrowed twenty dollars, spent thirty, and blamed his sister. He may be ready for office.",money,tout_public,,26
THE ETHICS COMMITTEE,The ethics committee met behind closed doors.,They needed privacy to decide what transparency should look like.,misc,tout_public,,17
THE LOBBYIST\'S BADGE,A lobbyist enters the Capitol wearing a visitor badge.,"The guard says, ""You work here more than the lawmakers. Use the employee entrance.""",work,tout_public,,23
THE EMERGENCY SESSION,Lawmakers called an emergency session at midnight.,"By sunrise, they had named a post office and blamed each other for the emergency.",work,tout_public,,22
THE FREEDOM PACKAGE,"The cable company added a ""freedom package.""","It lets you cancel anytime after a two-year contract, three phone calls, and a small hostage negotiation.",work,tout_public,,24
FISCAL TRIBUTE,The city spent five million dollars building a monument to fiscal responsibility.,It came in ten million over budget.,money,tout_public,,19
THE FINAL VOTE,A bill was six thousand pages long.,Every lawmaker voted confidently after reading the title.,misc,tout_public,,15
THE LAST WISH,"A genie grants a man three wishes. ""I want a world without lawyers."" The genie nods. ""Done. You have no wishes left."" The man protests, ""You said three!"" The genie shrugs.","""Sue me.""",work,tout_public,,33
VARIABLE TERMS,A banker explains an adjustable-rate loan. The customer asks what it means.,"""Neither of us knows what you'll pay, but I make money either way.""",money,tout_public,,25
ONE QUESTION,"A man asks a lawyer, ""How much do you charge for a question?"" ""Two hundred dollars."" ""Isn't that expensive?"" The lawyer nods.","""Yes---and that answer brings your total to four hundred.""",money,tout_public,,31
FRESH FROM THE OVEN,"A hungry man watches a baker pull fresh loaves from the oven. He sighs. ""It's been more than a week since I tasted bread.""","The baker nods kindly. ""Don't worry, sir. The taste hasn't changed.""",misc,tout_public,,35
TRUST THE VOICE,"Every night a mysterious voice tells a man: ""Quit your job. Sell everything. Go to Monte Carlo. Bet it all on nine."" After weeks, he obeys. At the roulette table, the voice whispers, ""Everything on nine."" He places his entire fortune. The wheel spins, slows, and lands on thirteen.","The voice mutters, ""Well... that's unfortunate.""",work,tout_public,,55
A GENEROUS ANNOUNCEMENT,"A man bursts into a bar and shouts, ""Free beer outside!"" Everyone runs out. Seconds later, the screaming starts. ""What did you do?"" yells the bartender.","""Sorry. There are three grizzly bears out there. I honestly didn't think any of them would be brave enough to try it.""",bar,tout_public,,48
A STRANGE CONVERSATION,"A man says, ""Today I saw a lunatic talking to his dog. When I got home, I told my cat.","We both laughed our asses off.""",animals,tout_public,,26
THE ONLY WITNESS,"On Fifth Avenue, a black truck stops in front of Tiffany & Co. An elephant climbs out, smashes the window, grabs the jewelry with its trunk, and escapes in the truck. The police question the only witness. ""Did you get the license plate?"" ""No."" ""The make of the truck?"" ""No."" ""Was it an African elephant with large ears or an Asian elephant with small ears?""","The witness thinks. ""Hard to say. He was wearing a ski mask.""",animals,tout_public,,77
WILDLIFE ENCOUNTER,"Two very drunk hunters spot a hang glider. The first says, ""That\'s the biggest bird I\'ve ever seen."" He fires. The pilot falls, but the glider keeps sailing. The second hunter says, ""You missed.""","The first lowers his rifle. ""Maybe, but he dropped his prey.""",animals,tout_public,,45
LOCAL KNOWLEDGE,"Two drunk men are arguing under a streetlight. ""I\'m telling you, that\'s the moon."" ""And I\'m telling you, it\'s the sun."" They stop a passerby. ""Excuse us. Is that the moon or the sun?""","The man looks up. ""Sorry, I\'m not from this neighborhood.""",bar,tout_public,,44
A FAMILIAR FACE,"Two drunk men are sitting in a bar. The first looks into a mirror and says, ""I know that guy. I\'m sure I\'ve seen him somewhere.""","The second takes the mirror, studies it, and says, ""Of course you know him, idiot. That\'s me.""",bar,tout_public,,43
THE OTHER ONE,"A man is walking two beautiful dogs. A passerby asks, ""What breed are they?"" ""This one is a Labrador."" ""And the other one?"" ""The other one too."" ""Are they expensive?"" ""This one cost me a fortune."" ""And the other one?"" ""The other one too."" The passerby finally asks, ""Why do you always talk about this one first?"" ""Because this one is mine."" ""And the other one?""","""The other one too.""",animals,tout_public,,70
A LIMITED GENIE,"A man arrives in a Maserati. His friend offers to trade a beat-up Ford Pinto and a magic lamp for it. To prove the lamp works, the friend rubs it. A genie appears. ""Genie, make us some tea."" A teapot and two cups instantly appear. Amazed, the man accepts the trade. At home, he rubs the lamp in front of his wife. ""Genie, give my wife a giant bag of diamonds!""","The genie shakes his head. ""Sorry. I only know how to make tea.""",marriage,tout_public,,84
SEAT ASSIGNMENT,"A man steps off an Amtrak train looking sick. His friend asks, ""What happened to you?"" ""I rode the whole way facing backward."" ""Why didn\'t you switch seats?""","""I couldn\'t. There was nobody across from me to trade with.""",tech,tout_public,,39
LOYAL SUPPORT,"Mike tells Joe that he ran into a lion while hunting. ""I started running."" ""The lion is faster than you."" ""So I climbed a tree."" ""Lions have claws. He climbed after you."" ""I crawled to the end of a branch."" ""He followed you."" ""I fell, found a hole, and hid underground."" ""The lion saw you. He dug you out and was about to eat you.""","Mike finally snaps, ""Whose side are you on, mine or the lion\'s?""",animals,tout_public,,77
THE SCIENTIFIC HUNT,"A scientist explains how to capture a gorilla alive. He needs a pit bull, handcuffs, and a rifle. ""I climb the tree and saw off the branch. The gorilla falls. The dog bites his balls, and while he grabs them, you cuff him."" ""What\'s the rifle for?""","""If I fall out of the tree instead, shoot the dog.""",animals,tout_public,,58
A POPULAR REQUEST,"At a funeral, a man learns that the widower\'s two vicious dogs ate both his wife and his mother-in-law. ""Could I borrow those dogs?""","The widower points to the long procession behind him. ""Get in line.""",marriage,tout_public,,36
GETTING READY,"A man buys a centipede and asks it to go out for a beer. No answer. He asks again, then screams, ""Are you coming or not?""","A tiny voice replies, ""I heard you! I\'m putting on my shoes!""",bar,tout_public,,38
THE NEW ROOMMATE,"An old woman begs the veterinarian to save her dying goat. ""The only chance is to keep him warm inside your house."" ""That could be difficult because of the smell.""","She thinks for a moment. ""Well, the goat will just have to get used to it.""",misc,tout_public,,46
THE CONVERSATION,An earthworm spots another worm beside him and tries to start a conversation. The other worm never answers.,"After several questions, he sighs, ""Damn it. I\'m talking to my own ass again.""",misc,tout_public,,32
THE CALL NEXT DOOR,"In a restroom stall, a man hears a voice from the next stall. ""Hey, how are you?"" He answers politely. The voice asks what he is doing, and he answers again.","Then the voice says, ""Hang on, I\'ll call you back. Some idiot in the next stall keeps answering all my questions.""",misc,tout_public,,52
FAMILY RECIPE,"Two cannibals are eating dinner. One says, ""I really don\'t like my mother-in-law.""","The other replies, ""Fine, but at least eat the vegetables.""",marriage,tout_public,,23
THE ADAPTATION,"A dog watches a movie. He laughs, cries, and applauds at all the right moments.","His owner says, ""This is incredible. He hated the book.""",animals,tout_public,,25
THE SECOND EAR,"A man burns his ear with an iron. ""How did that happen?"" ""The phone rang, and I picked up the iron."" ""What happened to the other ear?""","""I tried to call the doctor.""",tech,tout_public,,33
EXCELLENT ROLE MODELS,"Children's stories are full of role models. One hero lives in a tree with no clothes. One princess sneaks out at midnight. One boy lies until his face changes shape. One thief is the good guy. One princess sleeps all day, and another moves in with seven men.",Then we act surprised when the children turn out strange.,kids,tout_public,,58
THE WRONG ATHLETE,"Two angry fishermen hit a water-skier with an oar. When he doesn\'t surface, they dive in, retrieve a body, and start mouth-to-mouth. ""His breath smells horrible!""","The other fisherman looks at the body\'s feet. ""Stop. That\'s not him. This guy is wearing ice skates.""",animals,tout_public,,44
THE RIGHT DAY,"On a plane, a man asks the passenger beside him for the time. The passenger checks his watch. ""Wednesday.""","""Thanks. That\'s where I get off.""",misc,tout_public,,25
THE MAN ON THE ISLAND,"A ship passes an island where a bearded, half-naked man is waving his arms like a lunatic. A passenger alerts the captain.","""I know,"" says the captain. ""Every time we pass his island, he goes crazy.""",misc,adulte,,36
THE ROUNDABOUT,"A police officer stops a drunk driver. ""Sir, your wife fell out of the car at the last traffic circle.""","The man sighs with relief. ""So that\'s why I thought I\'d gone deaf in one ear.""",work,tout_public,,36
FILE SHARING,A modern father explains to his son how he was born.,"""Your mother and I connected on Facebook. I sent her a message, and we decided to share files. I inserted my USB stick into her port. We forgot the firewall, and nine months later, the virus arrived.""",kids,tout_public,,48
NOBODY IS AFRAID,"Every day a huge man walks into a bar. ""Whiskey. And I am not paying, because I am afraid of nobody."" The owner finally hires an even bigger man to sit at the bar. When the bully says his line, the big man stands up. ""I am afraid of nobody either.""","The bully turns to the bartender. ""Then make it two whiskeys. Neither of us is paying.""",bar,tout_public,,67
THE FAMILY THREAT,"A man cannot find the keys to his sports car outside a bar. ""I will count to three. If my keys don\'t return, I\'ll do exactly what my grandfather did twenty years ago!"" Terrified, the customers return the keys. ""What did your grandfather do?""","""He walked home.""",work,tout_public,,47
THE NEXT ACTIVITY,"An old man asks a fisherman three times, ""So, are we fishing?"" Annoyed, the fisherman packs his gear and rides his bicycle up the hill. At the top, he sees the old man waving frantically. Thinking he forgot something, he rides all the way back down.","The old man smiles. ""So, are we biking now?""",work,tout_public,,55
THE MALL MACHINE,"A father and son who have never seen an elevator watch an elderly woman enter one. Moments later, the doors open and a gorgeous young woman walks out.","The father whispers, ""Son, go get your mother.""",kids,tout_public,,36
THE ESCAPE PLAN,"Three prisoners plan an escape. The one on cocaine wants to bend the bars and beat every guard. The one on LSD wants to become liquid metal, slide under the door, and transform into a butterfly.","The one smoking weed asks, ""Why escape? Isn\'t it nice here, guys?""",work,tout_public,,48
THE STRANGE EGG,"Six eggs sit in a refrigerator. Five of them stare nervously at the sixth, who is brown and covered in hair.","Finally one whispers, ""Relax, you idiots. He's a kiwi.""",misc,tout_public,,30
THE DISAPPEARANCE,"Three hamburger patties are walking together. Suddenly, two disappear. The third searches everywhere until they reappear. ""Where were you?""","""Playing hide-and-meat.""",work,tout_public,,21
THE ISOLATED MARRIAGE,"A boy and girl from neighboring farms grow up together, attend school together, and reach adulthood without ever leaving the countryside. One day he says, ""We should get married.""","""I\'d love to,"" she replies, ""but to whom? We don\'t know anybody.""",marriage,tout_public,,41
THE CORRECT CAR,"Outside a bar, a very drunk man pats the roofs of every car in the lot. ""How will that help you find yours?"" asks the bartender.","""Easy. Mine has blue lights on top.""",bar,tout_public,,33
TWO NEIGHBORS,"A tavern opens opposite a cemetery and hangs a sign: ""Whatever people say or do, it is better in here than across the street."" The cemetery posts a reply:","""Whatever people say or do, everyone in here came from across the street.""",misc,tout_public,,42
THE RARE RESOURCE,Money is like toilet paper. You only respect it when there is almost none left.,"At two sheets, it stops being paper and becomes a strategy.",money,tout_public,,26
THE ELECTRIC RACKET,Put an electric bug racket in the hands of the gentlest person alive and they become a psychopath.,"My grandmother even hunted mosquitoes outdoors, swinging at them like she was playing center court in a championship final.",kids,tout_public,,37
THE HUMAN TEST,"A website asked me to click every square containing a traffic light. I clicked the light. Then I clicked the pole, because the pole is part of the light.","The screen replied: ""Please try again. You are a robot.""",tech,tout_public,,39
THE EMERGENCY KIT,"My emergency kit contains water, batteries, a flashlight, and chocolate.","If disaster lasts longer than the chocolate, I accept nature\'s decision.",misc,tout_public,,21
THE NEW PET,I bought a goldfish because the store said it was low maintenance.,Now it watches me eat seafood with the calm patience of a future witness.,animals,tout_public,,26
THE ELEVATOR BUTTON,"I was in a hurry, so I pressed the elevator button eleven times. It arrived at exactly the same speed.",But I felt like a man who had done everything he could.,misc,tout_public,,32
THE MISSING SOCK,My washing machine does not eat socks.,It collects one from each pair so it can eventually build a complete person.,kids,tout_public,,21
THE ACCURATE HOROSCOPE,My horoscope said I would face an unexpected financial loss.,Then the app charged me for the premium prediction.,tech,tout_public,,19
THE RESTAURANT SIGN,"The sign said, ""Breakfast served anytime.""",So I ordered pancakes during the Renaissance.,misc,tout_public,,13
THE TALKING DOG,"A man sells a talking dog for ten dollars. ""Why so cheap?"" asks the buyer. ""Because he lies about everything,"" says the owner.","The dog leans over and whispers, ""He only says that because I know where he buried the bodies.""",money,tout_public,,41
THE HELPFUL MIRROR,My mirror says I look tired.,It never uses words. That somehow makes it ruder.,misc,tout_public,,15
THE TIME TRAVELER,"A time traveler walks into a bar. The bartender says, ""We don\'t serve time travelers here."" The traveler looks confused.","""That\'s not what you said tomorrow.""",bar,tout_public,,26
AN UNUSUAL DETAIL,"A man tells police, ""The thief was about six feet tall and wore a mask."" ""Anything distinctive?""","""Yes. He kept correcting my grammar.""",misc,tout_public,,23
THE BROKEN CLOCK,A broken clock is right twice a day.,Mine is digital. It says 12:00 all day long and has never once doubted itself.,money,tout_public,,23
THE HAUNTED HOUSE,"I spent one night in a haunted house. At midnight, a ghost whispered, ""Get out.""","I said, ""You first. I paid the deposit.""",misc,tout_public,,23
THE LAST COOKIE,"There was one cookie left, so I cut it exactly in half.","One half was for me. The other half was also for me, because fairness should begin at home.",misc,tout_public,,30
THE SCREEN-TIME RULE,A father promises to put his phone away whenever his children are in the room. He keeps the promise for three weeks by staying out of the room.,"When he finally walks in, his toddler waves and says, ""Thanks for watching. Please subscribe.""",work,tout_public,,43
THE SCHOOL MASCOT,"A school picks a chameleon as its mascot. At the first game it turns the colors of the visiting team and cheers every goal they score. ""That is humiliating,"" says the principal.","""Maybe,"" says the coach, ""but it is the only one of us that picked the winning side.""",kids,tout_public,,49
PARENTHOOD MATH,"Children take your sleep, your money, and your waistline, then ask why you look so tired.",I am young enough to be mistaken for their brother and tired enough to be mistaken for their grandfather.,money,tout_public,,35
FRAGILE,The first child is carried like glass.,The second is carried like a suitcase marked FRAGILE. Everyone reads the label. Nobody throws it any softer.,work,tout_public,,25
BORROWED FACE,I used my friend's ID to enter a club.,The hard part wasn't the age---it was maintaining his unfortunate facial expression.,misc,tout_public,,21
THE UNINVITED GUEST,"There was a spider in my shower big enough to make eye contact. At that size it is not a pest. It is a tenant. I carried it outside and said, ""One of us had to go, and I pay the mortgage.""",It walked straight toward my neighbor's house. Good. Let him handle the rent.,misc,tout_public,,55
ROADSIDE PRECISION,"A road sign said, ""Drive sober on highways.""",So the side streets are officially open for business.,misc,tout_public,,17
THE PREMIUM FLIGHT,"At the gate, a nervous passenger notices that his flight is called Flight 10. ""Why such a small number?"" he asks.","The agent smiles. ""The first nine were prototypes.""",misc,tout_public,,29
THE PHOTO OPPORTUNITY,"A man agrees to hold a giant pet snake because the owner promises it is harmless. He bravely wraps it around his shoulders. Then the owner says the photograph costs twenty dollars. The man immediately hands back the snake. ""I trust reptiles,"" he explains.","""It's photographers I'm afraid of.""",money,tout_public,,49
THE FATHER'S DAY GIFT,"For Father's Day my children gave me a gift card to a thrift store. ""It means we were thinking of you,"" they said.","I turned it over. Thirty-seven cents. ""It also means you stopped thinking somewhere around thirty-eight.""",work,tout_public,,38
THE FINAL CHECK,"Two hunters are in the woods when one collapses and stops breathing. The other calls emergency services. ""My friend is dead! What do I do?"" The operator says, ""First, make sure he's really dead."" There is a silence, then a gunshot. The hunter returns to the phone. ""Okay.","Now what?""",tech,tout_public,,50
STARGAZING,"A famous detective and his assistant go camping. In the middle of the night, the detective wakes him. ""Look at the stars. What do you deduce?"" The assistant gives a long speech about planets, galaxies, and life beyond Earth. The detective sighs.","""I deduce that someone stole our tent.""",misc,tout_public,,49
EMERGENCY DESIGN,Why do ducks have webbed feet? To stamp out fires. Why do elephants have flat feet?,To stamp out burning ducks.,animals,tout_public,,21
THE FISH TANK,Two goldfish are swimming in a tank.,"One turns to the other and asks, ""Do you know how to drive this thing?""",animals,tout_public,,22
THE BIG GAME,"Two flies are playing soccer in a saucer. One says, ""Try harder.","We're playing in the cup tomorrow.""",misc,tout_public,,18
ROADSIDE ASSISTANCE,I picked up a hitchhiker.,It seemed polite after I hit him.,misc,tout_public,,12
QUANTUM DRINKING,Schrödinger's cat walks into a bar.,And doesn't.,work,tout_public,,8
A MINOR PROBLEM,A musical note walks into a bar.,"The bartender says, ""Sorry, we don't serve minors.""",bar,tout_public,,15
SIDEWALK FISHING,"A man sees an old woman fishing in a puddle with a stick and string. Feeling sorry for her, he buys her a drink. ""How many have you caught today?"" She smiles.","""You're the eighth.""",animals,tout_public,,35
THE SEAL'S ORDER,"A seal walks into a bar. ""What'll it be?"" asks the bartender.","""Anything but a club soda.""",bar,tout_public,,17
A FAST ATTACK,"A snail is mugged by two turtles. Police ask for a description. The snail says, ""I don't know.","It all happened so fast.""",tech,tout_public,,23
ARMORED FISH,"Two fish are in a tank. One says, ""You handle the gun.","I'll drive.""",animals,tout_public,,14
THE LONG FACE,"A horse walks into a bar. ""Why the long face?"" asks the bartender. The horse shrugs.","""Genetics.""",bar,tout_public,,17
SPECIES CONFUSION,"Two cows are talking. ""Aren't you afraid of mad cow disease?"" The other says, ""Why would I be?","I'm a horse.""",animals,tout_public,,21
FUTURE TRAVEL,Two caterpillars watch a butterfly.,"One says, ""You'll never get me up in one of those things.""",medical,tout_public,,17
EXACT DIRECTIONS,I have an excellent sense of direction.,I always know exactly where I got lost.,misc,tout_public,,15
NO REGRETS,I decided to live without regrets.,I've regretted that decision three times today.,work,tout_public,,13
BACKUP PLAN,"A man buys two tickets as he boards a bus. The inspector asks why. ""If I lose one, I'll still have the other."" ""And if you lose both?""","""Then I'll use my annual pass.""",misc,tout_public,,34
